<?xml version="1.0" encoding="UTF-8"?>
<!DOCTYPE mapper
        PUBLIC "-//mybatis.org//DTD Mapper 3.0//EN"
        "http://mybatis.org/dtd/mybatis-3-mapper.dtd">
<mapper namespace="com.ican.mapper.CommentMapper">

    <select id="countComment" resultType="java.lang.Long">
        SELECT
        count(c.id)
        from
        t_comment c
        LEFT JOIN t_user u ON c.from_uid = u.id
        <where>
            <if test="param.commentType != null">
                c.comment_type=#{param.commentType}
            </if>
            <if test="param.keyword != null and param.keyword != ''">
                AND u.nickname LIKE concat('%',#{param.keyword},'%')
            </if>
            <if test="param.isCheck != null">
                AND c.is_check = #{param.isCheck}
            </if>
        </where>
    </select>

    <select id="selectBackCommentList" resultType="com.ican.model.vo.response.CommentBackResp">
        SELECT c.id,
        u.avatar,
        u.nickname AS from_nickname,
        r.nickname AS to_nickname,
        a.article_title,
        c.comment_content,
        c.comment_type,
        c.is_check,
        c.create_time
        FROM t_comment c
        LEFT JOIN t_article a ON c.type_id = a.id
        LEFT JOIN t_user u ON c.from_uid = u.id
        LEFT JOIN t_user r ON c.to_uid = r.id
        <where>
            <if test="param.commentType != null">
                c.comment_type=#{param.commentType}
            </if>
            <if test="param.keyword != null and param.keyword != ''">
                AND u.nickname LIKE concat('%',#{param.keyword},'%')
            </if>
            <if test="param.isCheck != null">
                AND c.is_check = #{param.isCheck}
            </if>
        </where>
        ORDER BY c.id DESC
        LIMIT #{param.current},#{param.size}
    </select>

    <select id="selectCommentIdByParentId" resultType="java.lang.Integer">
        SELECT id
        FROM t_comment
        WHERE parent_id = #{parentId}
    </select>

    <select id="selectCommentCountByTypeId" resultType="com.ican.model.vo.response.CommentCountResp">
        SELECT
        type_id as id,
        COUNT(*) AS comment_count
        FROM
        t_comment
        WHERE
        comment_type=#{commentType}
        AND type_id IN
        <foreach open="(" collection="typeIdList" item="typeId" separator="," close=")">
            #{typeId}
        </foreach>
        GROUP BY type_id
    </select>

    <select id="selectRecentComment" resultType="com.ican.model.vo.response.RecentCommentResp">
        SELECT c.id,
               u.nickname,
               avatar,
               comment_content,
               c.create_time
        FROM t_comment c
                 INNER JOIN t_user u ON c.from_uid = u.id
        WHERE c.is_check = 1
        ORDER BY c.create_time DESC LIMIT 5
    </select>

    <select id="selectParentComment" resultType="com.ican.model.vo.response.CommentResp">
        SELECT c.id, c.from_uid, u.nickname AS fromNickname,u.web_site, u.avatar, c.comment_content, c.create_time
        FROM t_comment c
        INNER JOIN t_user u ON c.from_uid = u.id
        <where>
            <if test="param.typeId != null">
                type_id=#{param.typeId}
            </if>
            AND comment_type=#{param.commentType}
            AND c.is_check=1
            AND parent_id IS NULL
        </where>
        ORDER BY c.id DESC
        LIMIT #{param.current},#{param.size}
    </select>

    <select id="selectReplyByParentIdList" resultType="com.ican.model.vo.response.ReplyResp">
        SELECT *
        FROM (
        SELECT c.from_uid,
        u.nickname AS from_nickname,
        u.avatar,
        c.to_uid,
        r.nickname AS to_nickname,
        c.id,
        c.parent_id,
        c.comment_content,
        c.create_time,
        ROW_NUMBER() over (PARTITION BY parent_id ORDER BY create_time ASC ) row_num
        FROM t_comment c
        JOIN t_user u ON c.from_uid = u.id
        JOIN t_user r ON c.to_uid = r.id
        WHERE c.is_check = 1
        AND parent_id IN
        <foreach collection="parentCommentIdList" open="(" close=")" item="commentId" separator=",">
            #{commentId}
        </foreach>
        ) t
        WHERE 4 > row_num
    </select>

    <select id="selectReplyCountByParentId" resultType="com.ican.model.vo.response.ReplyCountResp">
        SELECT parent_id as comment_id,
        count(1) AS reply_count
        FROM t_comment
        WHERE is_check = 1
        AND parent_id IN
        <foreach collection="parentCommentIdList" open="(" close=")" item="commentId" separator=",">
            #{commentId}
        </foreach>
        GROUP BY parent_id
    </select>

    <select id="selectReplyByParentId" resultType="com.ican.model.vo.response.ReplyResp">
        SELECT c.from_uid,
               u.nickname AS from_nickname,
               u.avatar,
               c.to_uid,
               r.nickname as to_nickname,
               c.id,
               c.parent_id,
               c.comment_content,
               c.create_time
        FROM t_comment c
                 JOIN t_user u ON c.from_uid = u.id
                 JOIN t_user r ON c.to_uid = r.id
        WHERE c.is_check = 1
          AND parent_id = #{commentId}
        ORDER BY c.id ASC LIMIT #{limit}, #{size}
    </select>
</mapper>
