<?xml version="1.0" encoding="UTF-8"?>
<!DOCTYPE mapper PUBLIC "-//mybatis.org//DTD Mapper 3.0//EN" "http://mybatis.org/dtd/mybatis-3-mapper.dtd">
<mapper namespace="com.ican.mapper.MessageMapper">

    <select id="selectMessageVOList" resultType="com.ican.model.vo.response.MessageResp">
        SELECT id, nickname, avatar, message_content
        from t_message
        WHERE is_check = 1
    </select>

    <select id="selectBackMessageList" resultType="com.ican.model.vo.response.MessageBackResp">
        SELECT
        tm.id,
        nickname,
        avatar,
        message_content,
        ip_address,
        ip_source,
        is_check,
        create_time
        FROM
        (SELECT id FROM t_message
        <where>
            <if test="param.keyword != null and param.keyword != ''">
                nickname like concat('%',#{param.keyword},'%')
            </if>
            <if test="param.isCheck != null">
                is_check = #{param.isCheck}
            </if>
        </where>
        ORDER BY id DESC LIMIT #{param.current},#{param.size}) temp
        LEFT JOIN t_message tm ON temp.id = tm.id
    </select>
</mapper>
